segment,source_contract,calibration_date,past_adv,divisor,bucket_size,classified_volume,completed_buckets,completed_volume,unfinished_volume,warmup_volume_excluded,product
1,TS1812.CFX,2018-09-17,1021.55,25,40.861999999999995,19069.0,466,19041.692,27.308000000000902,20485.0,TS
2,TS1903.CFX,2018-12-03,437.85,25,17.514,8873.0,506,8862.083999999999,10.916000000001077,33.0,TS
3,TS1906.CFX,2019-03-01,58.2,25,2.3280000000000003,3629.0,1558,3627.0240000000003,1.975999999999658,2.0,TS
4,TS1909.CFX,2019-05-27,92.0,25,3.68,121499.0,33016,121498.88,0.11999999999534339,418.0,TS
5,TS1912.CFX,2019-08-20,4309.95,25,172.398,814538.0,4724,814408.152,129.84799999999814,2181.0,TS
6,TS2003.CFX,2019-11-13,19145.25,25,765.81,1292726.0,1688,1292687.2799999998,38.72000000020489,3478.0,TS
7,TS2006.CFX,2020-02-20,13317.55,25,532.702,512361.0,961,511926.622,434.3780000000261,1800.0,TS
8,TS2009.CFX,2020-05-19,6113.55,25,244.542,523412.0,2140,523319.88,92.11999999999534,2573.0,TS
9,TS2012.CFX,2020-08-25,5715.75,25,228.63,426499.0,1865,426394.95,104.04999999998836,2138.0,TS
10,TS2103.CFX,2020-12-02,5526.0,25,221.04,390252.0,1765,390135.6,116.40000000002328,1393.0,TS
11,TS2106.CFX,2021-02-26,6936.15,25,277.44599999999997,446887.0,1610,446688.05999999994,198.94000000006054,1508.0,TS
12,TS2109.CFX,2021-05-21,8446.3,25,337.852,554111.0,1640,554077.2799999999,33.720000000088476,2519.0,TS
13,TS2112.CFX,2021-08-23,7789.15,25,311.566,618934.0,1986,618770.076,163.92399999999907,1731.0,TS
14,TS2203.CFX,2021-11-23,12887.35,25,515.494,821453.0,1593,821181.942,271.0579999999609,2203.0,TS
15,TS2206.CFX,2022-02-23,13346.9,25,533.876,892054.0,1670,891572.9199999999,481.0800000000745,3012.0,TS
16,TS2209.CFX,2022-05-20,16514.15,25,660.566,1389224.0,2103,1389170.298,53.70200000004843,4027.0,TS
17,TS2212.CFX,2022-08-19,22116.5,25,884.66,2344866.0,2650,2344349.0,517.0,7117.0,TS
18,TS2303.CFX,2022-11-24,40820.7,25,1632.828,2456961.0,1504,2455773.312,1187.688000000082,10783.0,TS
19,TS2306.CFX,2023-02-22,39887.5,25,1595.5,1685528.0,1056,1684848.0,680.0,7699.0,TS
20,TS2309.CFX,2023-05-24,22444.75,25,897.79,2032636.0,2264,2032596.5599999998,39.44000000017695,6585.0,TS
21,TS2312.CFX,2023-08-25,25970.65,25,1038.826,2205771.0,2123,2205427.598,343.40199999976903,7167.0,TS
22,TS2403.CFX,2023-11-24,35034.65,25,1401.386,1931044.0,1377,1929708.5219999999,1335.4780000001192,8732.0,TS
23,TS2406.CFX,2024-02-26,24012.25,25,960.49,1763259.0,1835,1762499.15,759.8500000000931,6382.0,TS
24,TS2409.CFX,2024-05-22,29321.95,25,1172.878,1696532.0,1446,1695981.588,550.4120000000112,4742.0,TS
25,TS2412.CFX,2024-08-22,30058.8,25,1202.3519999999999,2009309.0,1671,2009130.1919999998,178.80800000019372,11388.0,TS
26,TS2503.CFX,2024-11-26,29872.8,25,1194.912,1951716.0,1633,1951291.296,424.7039999999106,6040.0,TS
27,TS2506.CFX,2025-02-21,30824.45,25,1232.978,2123122.0,1721,2121955.1380000003,1166.8619999997318,16992.0,TS
28,TS2509.CFX,2025-05-19,33833.3,25,1353.332,2348644.0,1735,2348031.02,612.9799999999814,15825.0,TS
29,TS2512.CFX,2025-08-26,34427.8,25,1377.112,1780414.0,1292,1779228.7040000001,1185.2959999998566,8928.0,TS
30,TS2603.CFX,2025-11-25,29589.95,25,1183.598,1934234.0,1634,1933999.132,234.86800000001676,9429.0,TS
31,TS2606.CFX,2026-02-26,30546.7,25,1221.868,2341750.0,1916,2341099.088,650.9120000000112,10864.0,TS
32,TS2609.CFX,2026-05-27,42722.1,25,1708.884,2647782.0,1549,2647061.316,720.683999999892,16278.0,TS
33,TS2612.CFX,2026-08-27,40692.6,25,1627.704,837775.0,514,836639.856,1135.1439999999711,14262.0,TS
1,TS1812.CFX,2018-09-17,1021.55,50,20.430999999999997,19069.0,933,19062.122999999996,6.877000000004045,20485.0,TS
2,TS1903.CFX,2018-12-03,437.85,50,8.757,8873.0,1013,8870.841,2.1589999999996508,33.0,TS
3,TS1906.CFX,2019-03-01,58.2,50,1.1640000000000001,3629.0,3117,3628.1880000000006,0.8119999999994434,2.0,TS
4,TS1909.CFX,2019-05-27,92.0,50,1.84,121499.0,66032,121498.88,0.11999999999534339,418.0,TS
5,TS1912.CFX,2019-08-20,4309.95,50,86.199,814538.0,9449,814494.351,43.648999999975786,2181.0,TS
6,TS2003.CFX,2019-11-13,19145.25,50,382.905,1292726.0,3376,1292687.2799999998,38.72000000020489,3478.0,TS
7,TS2006.CFX,2020-02-20,13317.55,50,266.351,512361.0,1923,512192.973,168.02700000000186,1800.0,TS
8,TS2009.CFX,2020-05-19,6113.55,50,122.271,523412.0,4280,523319.88,92.11999999999534,2573.0,TS
9,TS2012.CFX,2020-08-25,5715.75,50,114.315,426499.0,3730,426394.95,104.04999999998836,2138.0,TS
10,TS2103.CFX,2020-12-02,5526.0,50,110.52,390252.0,3531,390246.12,5.880000000004657,1393.0,TS
11,TS2106.CFX,2021-02-26,6936.15,50,138.72299999999998,446887.0,3221,446826.78299999994,60.2170000000624,1508.0,TS
12,TS2109.CFX,2021-05-21,8446.3,50,168.926,554111.0,3280,554077.2799999999,33.720000000088476,2519.0,TS
13,TS2112.CFX,2021-08-23,7789.15,50,155.783,618934.0,3973,618925.8589999999,8.141000000061467,1731.0,TS
14,TS2203.CFX,2021-11-23,12887.35,50,257.747,821453.0,3187,821439.689,13.310999999986961,2203.0,TS
15,TS2206.CFX,2022-02-23,13346.9,50,266.938,892054.0,3341,891839.858,214.14199999999255,3012.0,TS
16,TS2209.CFX,2022-05-20,16514.15,50,330.283,1389224.0,4206,1389170.298,53.70200000004843,4027.0,TS
17,TS2212.CFX,2022-08-19,22116.5,50,442.33,2344866.0,5301,2344791.33,74.6699999999255,7117.0,TS
18,TS2303.CFX,2022-11-24,40820.7,50,816.414,2456961.0,3009,2456589.726,371.2740000002086,10783.0,TS
19,TS2306.CFX,2023-02-22,39887.5,50,797.75,1685528.0,2112,1684848.0,680.0,7699.0,TS
20,TS2309.CFX,2023-05-24,22444.75,50,448.895,2032636.0,4528,2032596.5599999998,39.44000000017695,6585.0,TS
21,TS2312.CFX,2023-08-25,25970.65,50,519.413,2205771.0,4246,2205427.598,343.40199999976903,7167.0,TS
22,TS2403.CFX,2023-11-24,35034.65,50,700.693,1931044.0,2755,1930409.2149999999,634.785000000149,8732.0,TS
23,TS2406.CFX,2024-02-26,24012.25,50,480.245,1763259.0,3671,1762979.395,279.6049999999814,6382.0,TS
24,TS2409.CFX,2024-05-22,29321.95,50,586.439,1696532.0,2892,1695981.588,550.4120000000112,4742.0,TS
25,TS2412.CFX,2024-08-22,30058.8,50,601.1759999999999,2009309.0,3342,2009130.1919999998,178.80800000019372,11388.0,TS
26,TS2503.CFX,2024-11-26,29872.8,50,597.456,1951716.0,3266,1951291.296,424.7039999999106,6040.0,TS
27,TS2506.CFX,2025-02-21,30824.45,50,616.489,2123122.0,3443,2122571.6270000003,550.3729999996722,16992.0,TS
28,TS2509.CFX,2025-05-19,33833.3,50,676.666,2348644.0,3470,2348031.02,612.9799999999814,15825.0,TS
29,TS2512.CFX,2025-08-26,34427.8,50,688.556,1780414.0,2585,1779917.26,496.7399999999907,8928.0,TS
30,TS2603.CFX,2025-11-25,29589.95,50,591.799,1934234.0,3268,1933999.132,234.86800000001676,9429.0,TS
31,TS2606.CFX,2026-02-26,30546.7,50,610.934,2341750.0,3833,2341710.022,39.97800000011921,10864.0,TS
32,TS2609.CFX,2026-05-27,42722.1,50,854.442,2647782.0,3098,2647061.316,720.683999999892,16278.0,TS
33,TS2612.CFX,2026-08-27,40692.6,50,813.852,837775.0,1029,837453.708,321.29200000001583,14262.0,TS
1,TF1312.CFX,2013-10-16,12307.15,25,492.286,163775.0,332,163438.952,336.0480000000098,246692.0,TF
2,TF1403.CFX,2013-11-29,5897.5,25,235.9,248008.0,1051,247930.9,77.10000000000582,1428.0,TF
3,TF1406.CFX,2014-02-24,3440.35,25,137.614,152183.0,1105,152063.47,119.52999999999884,467.0,TF
4,TF1409.CFX,2014-05-16,2108.75,25,84.35,247078.0,2929,247061.15,16.85000000000582,161.0,TF
5,TF1412.CFX,2014-08-15,3351.3,25,134.05200000000002,280986.0,2096,280972.992,13.007999999972526,652.0,TF
6,TF1503.CFX,2014-11-06,7180.95,25,287.238,1102836.0,3839,1102706.682,129.3179999999702,2160.0,TF
7,TF1506.CFX,2015-02-05,11289.35,25,451.574,1570463.0,3477,1570122.798,340.20200000004843,2118.0,TF
8,TF1509.CFX,2015-05-18,18557.5,25,742.3,944108.0,1271,943463.2999999999,644.7000000000698,2490.0,TF
9,TF1512.CFX,2015-08-19,9770.65,25,390.82599999999996,3261843.0,8346,3261833.7959999996,9.204000000376254,365.0,TF
10,TF1603.CFX,2015-11-19,116665.85,25,4666.634,2576552.0,552,2575981.968,570.0320000001229,1279.0,TF
11,TF1606.CFX,2016-02-15,35616.25,25,1424.65,1187485.0,833,1186733.4500000002,751.5499999998137,1073.0,TF
12,TF1609.CFX,2016-04-29,21556.8,25,862.2719999999999,934287.0,1083,933840.5759999999,446.4240000001155,540.0,TF
13,TF1612.CFX,2016-08-12,14501.65,25,580.066,752298.0,1296,751765.5360000001,532.4639999999199,1171.0,TF
14,TF1703.CFX,2016-11-11,12637.25,25,505.49,1009493.0,1997,1009463.53,29.46999999997206,1745.0,TF
15,TF1706.CFX,2017-01-25,14313.05,25,572.5219999999999,929685.0,1623,929203.2059999999,481.7940000001108,1933.0,TF
16,TF1709.CFX,2017-05-12,13632.45,25,545.298,1077199.0,1975,1076963.55,235.44999999995343,4575.0,TF
17,TF1712.CFX,2017-08-11,15704.75,25,628.19,1003234.0,1597,1003219.43,14.569999999948777,2113.0,TF
18,TF1803.CFX,2017-11-13,24552.15,25,982.086,1103186.0,1123,1102882.578,303.4220000000205,3086.0,TF
19,TF1806.CFX,2018-02-13,20327.0,25,813.08,904910.0,1112,904144.9600000001,765.0399999999208,1536.0,TF
20,TF1809.CFX,2018-05-17,18472.3,25,738.8919999999999,764619.0,1034,764014.328,604.6720000000205,535.0,TF
21,TF1812.CFX,2018-08-15,13768.25,25,550.73,687992.0,1249,687861.77,130.22999999998137,1516.0,TF
22,TF1903.CFX,2018-11-20,10127.0,25,405.08,462375.0,1141,462196.27999999997,178.72000000003027,554.0,TF
23,TF1906.CFX,2019-02-21,4868.4,25,194.736,325756.0,1672,325598.592,157.4079999999958,818.0,TF
24,TF1909.CFX,2019-05-22,5249.4,25,209.976,338408.0,1611,338271.336,136.66399999998976,660.0,TF
25,TF1912.CFX,2019-08-14,6197.2,25,247.888,525449.0,2119,525274.672,174.3279999999795,1518.0,TF
26,TF2003.CFX,2019-11-21,8898.4,25,355.936,626772.0,1760,626447.36,324.64000000001397,1463.0,TF
27,TF2006.CFX,2020-02-20,11737.95,25,469.51800000000003,983355.0,2094,983170.692,184.30799999996088,1966.0,TF
28,TF2009.CFX,2020-05-18,19275.4,25,771.0160000000001,1869598.0,2424,1868942.7840000002,655.2159999997821,7162.0,TF
29,TF2012.CFX,2020-08-21,18135.95,25,725.438,1317826.0,1816,1317395.408,430.591999999946,3684.0,TF
30,TF2103.CFX,2020-11-23,21108.6,25,844.3439999999999,1390955.0,1647,1390634.568,320.4320000000298,8015.0,TF
31,TF2106.CFX,2021-02-23,23630.2,25,945.2080000000001,1192516.0,1261,1191907.2880000002,608.7119999998249,6977.0,TF
32,TF2109.CFX,2021-05-24,20325.45,25,813.018,1237620.0,1522,1237413.396,206.6040000000503,8602.0,TF
33,TF2112.CFX,2021-08-20,19385.65,25,775.426,1376567.0,1775,1376381.1500000001,185.8499999998603,5648.0,TF
34,TF2203.CFX,2021-11-23,24634.6,25,985.3839999999999,1550906.0,1573,1550009.032,896.9680000001099,6814.0,TF
35,TF2206.CFX,2022-02-18,33197.45,25,1327.898,2157506.0,1624,2156506.352,999.6480000000447,6657.0,TF
36,TF2209.CFX,2022-05-20,29257.3,25,1170.292,2191866.0,1872,2190786.624,1079.376000000164,12254.0,TF
37,TF2212.CFX,2022-08-19,38477.25,25,1539.09,2941927.0,1911,2941200.9899999998,726.0100000002421,14526.0,TF
38,TF2303.CFX,2022-11-21,55138.1,25,2205.524,3219300.0,1459,3217859.516,1440.4840000001714,16724.0,TF
39,TF2306.CFX,2023-02-23,46796.25,25,1871.85,2734477.0,1460,2732901.0,1576.0,10149.0,TF
40,TF2309.CFX,2023-05-22,44821.2,25,1792.848,3111618.0,1735,3110591.28,1026.720000000205,14942.0,TF
41,TF2312.CFX,2023-08-24,44589.15,25,1783.566,3277030.0,1837,3276410.742,619.2579999999143,11698.0,TF
42,TF2403.CFX,2023-11-24,47541.15,25,1901.646,2897459.0,1523,2896206.858,1252.1419999999925,14428.0,TF
43,TF2406.CFX,2024-02-23,41990.25,25,1679.61,3272404.0,1948,3271880.28,523.7200000002049,12321.0,TF
44,TF2409.CFX,2024-05-23,55117.3,25,2204.692,2806657.0,1273,2806572.916,84.08399999979883,13857.0,TF
45,TF2412.CFX,2024-08-21,50349.05,25,2013.9620000000002,3300062.0,1638,3298869.7560000005,1192.2439999994822,13045.0,TF
46,TF2503.CFX,2024-11-27,45812.45,25,1832.4979999999998,3239993.0,1768,3239856.4639999997,136.53600000031292,13350.0,TF
47,TF2506.CFX,2025-02-20,53234.9,25,2129.396,3427484.0,1609,3426198.1640000003,1285.835999999661,18643.0,TF
48,TF2509.CFX,2025-05-21,51034.4,25,2041.376,3650485.0,1788,3649980.288,504.7119999998249,10112.0,TF
49,TF2512.CFX,2025-08-22,58582.5,25,2343.3,3658564.0,1561,3657891.3000000003,672.6999999997206,15519.0,TF
50,TF2603.CFX,2025-11-26,52791.0,25,2111.64,3540600.0,1676,3539108.6399999997,1491.3600000003353,24695.0,TF
51,TF2606.CFX,2026-02-25,58380.2,25,2335.208,4410399.0,1888,4408872.704,1526.2960000000894,24953.0,TF
52,TF2609.CFX,2026-05-28,81555.6,25,3262.224,4604644.0,1411,4602998.064,1645.9359999997541,28165.0,TF
53,TF2612.CFX,2026-08-27,73397.65,25,2935.906,1412059.0,480,1409234.88,2824.1200000001118,20943.0,TF
1,TF1312.CFX,2013-10-16,12307.15,50,246.143,163775.0,665,163685.095,89.90499999999884,246692.0,TF
2,TF1403.CFX,2013-11-29,5897.5,50,117.95,248008.0,2102,247930.9,77.10000000000582,1428.0,TF
3,TF1406.CFX,2014-02-24,3440.35,50,68.807,152183.0,2211,152132.277,50.72299999999814,467.0,TF
4,TF1409.CFX,2014-05-16,2108.75,50,42.175,247078.0,5858,247061.15,16.85000000000582,161.0,TF
5,TF1412.CFX,2014-08-15,3351.3,50,67.02600000000001,280986.0,4192,280972.992,13.007999999972526,652.0,TF
6,TF1503.CFX,2014-11-06,7180.95,50,143.619,1102836.0,7678,1102706.682,129.3179999999702,2160.0,TF
7,TF1506.CFX,2015-02-05,11289.35,50,225.787,1570463.0,6955,1570348.585,114.41500000003725,2118.0,TF
8,TF1509.CFX,2015-05-18,18557.5,50,371.15,944108.0,2543,943834.45,273.55000000004657,2490.0,TF
9,TF1512.CFX,2015-08-19,9770.65,50,195.41299999999998,3261843.0,16692,3261833.7959999996,9.204000000376254,365.0,TF
10,TF1603.CFX,2015-11-19,116665.85,50,2333.317,2576552.0,1104,2575981.968,570.0320000001229,1279.0,TF
11,TF1606.CFX,2016-02-15,35616.25,50,712.325,1187485.0,1667,1187445.7750000001,39.2249999998603,1073.0,TF
12,TF1609.CFX,2016-04-29,21556.8,50,431.13599999999997,934287.0,2167,934271.7119999999,15.288000000058673,540.0,TF
13,TF1612.CFX,2016-08-12,14501.65,50,290.033,752298.0,2593,752055.569,242.4309999999823,1171.0,TF
14,TF1703.CFX,2016-11-11,12637.25,50,252.745,1009493.0,3994,1009463.53,29.46999999997206,1745.0,TF
15,TF1706.CFX,2017-01-25,14313.05,50,286.26099999999997,929685.0,3247,929489.467,195.53300000005402,1933.0,TF
16,TF1709.CFX,2017-05-12,13632.45,50,272.649,1077199.0,3950,1076963.55,235.44999999995343,4575.0,TF
17,TF1712.CFX,2017-08-11,15704.75,50,314.095,1003234.0,3194,1003219.43,14.569999999948777,2113.0,TF
18,TF1803.CFX,2017-11-13,24552.15,50,491.043,1103186.0,2246,1102882.578,303.4220000000205,3086.0,TF
19,TF1806.CFX,2018-02-13,20327.0,50,406.54,904910.0,2225,904551.5,358.5,1536.0,TF
20,TF1809.CFX,2018-05-17,18472.3,50,369.44599999999997,764619.0,2069,764383.774,235.22600000002421,535.0,TF
21,TF1812.CFX,2018-08-15,13768.25,50,275.365,687992.0,2498,687861.77,130.22999999998137,1516.0,TF
22,TF1903.CFX,2018-11-20,10127.0,50,202.54,462375.0,2282,462196.27999999997,178.72000000003027,554.0,TF
23,TF1906.CFX,2019-02-21,4868.4,50,97.368,325756.0,3345,325695.95999999996,60.04000000003725,818.0,TF
24,TF1909.CFX,2019-05-22,5249.4,50,104.988,338408.0,3223,338376.324,31.67599999997765,660.0,TF
25,TF1912.CFX,2019-08-14,6197.2,50,123.944,525449.0,4239,525398.616,50.383999999961816,1518.0,TF
26,TF2003.CFX,2019-11-21,8898.4,50,177.968,626772.0,3521,626625.328,146.6720000000205,1463.0,TF
27,TF2006.CFX,2020-02-20,11737.95,50,234.75900000000001,983355.0,4188,983170.692,184.30799999996088,1966.0,TF
28,TF2009.CFX,2020-05-18,19275.4,50,385.50800000000004,1869598.0,4849,1869328.2920000001,269.70799999986775,7162.0,TF
29,TF2012.CFX,2020-08-21,18135.95,50,362.719,1317826.0,3633,1317758.1269999999,67.87300000013784,3684.0,TF
30,TF2103.CFX,2020-11-23,21108.6,50,422.17199999999997,1390955.0,3294,1390634.568,320.4320000000298,8015.0,TF
31,TF2106.CFX,2021-02-23,23630.2,50,472.60400000000004,1192516.0,2523,1192379.892,136.10800000000745,6977.0,TF
32,TF2109.CFX,2021-05-24,20325.45,50,406.509,1237620.0,3044,1237413.396,206.6040000000503,8602.0,TF
33,TF2112.CFX,2021-08-20,19385.65,50,387.713,1376567.0,3550,1376381.1500000001,185.8499999998603,5648.0,TF
34,TF2203.CFX,2021-11-23,24634.6,50,492.69199999999995,1550906.0,3147,1550501.724,404.2760000000708,6814.0,TF
35,TF2206.CFX,2022-02-18,33197.45,50,663.949,2157506.0,3249,2157170.301,335.69900000002235,6657.0,TF
36,TF2209.CFX,2022-05-20,29257.3,50,585.146,2191866.0,3745,2191371.77,494.2299999999814,12254.0,TF
37,TF2212.CFX,2022-08-19,38477.25,50,769.545,2941927.0,3822,2941200.9899999998,726.0100000002421,14526.0,TF
38,TF2303.CFX,2022-11-21,55138.1,50,1102.762,3219300.0,2919,3218962.278,337.72200000006706,16724.0,TF
39,TF2306.CFX,2023-02-23,46796.25,50,935.925,2734477.0,2921,2733836.925,640.0750000001863,10149.0,TF
40,TF2309.CFX,2023-05-22,44821.2,50,896.424,3111618.0,3471,3111487.704,130.2960000000894,14942.0,TF
41,TF2312.CFX,2023-08-24,44589.15,50,891.783,3277030.0,3674,3276410.742,619.2579999999143,11698.0,TF
42,TF2403.CFX,2023-11-24,47541.15,50,950.823,2897459.0,3047,2897157.681,301.3190000001341,14428.0,TF
43,TF2406.CFX,2024-02-23,41990.25,50,839.805,3272404.0,3896,3271880.28,523.7200000002049,12321.0,TF
44,TF2409.CFX,2024-05-23,55117.3,50,1102.346,2806657.0,2546,2806572.916,84.08399999979883,13857.0,TF
45,TF2412.CFX,2024-08-21,50349.05,50,1006.9810000000001,3300062.0,3277,3299876.737,185.26299999980256,13045.0,TF
46,TF2503.CFX,2024-11-27,45812.45,50,916.2489999999999,3239993.0,3536,3239856.4639999997,136.53600000031292,13350.0,TF
47,TF2506.CFX,2025-02-20,53234.9,50,1064.698,3427484.0,3219,3427262.862,221.13799999980256,18643.0,TF
48,TF2509.CFX,2025-05-21,51034.4,50,1020.688,3650485.0,3576,3649980.288,504.7119999998249,10112.0,TF
49,TF2512.CFX,2025-08-22,58582.5,50,1171.65,3658564.0,3122,3657891.3000000003,672.6999999997206,15519.0,TF
50,TF2603.CFX,2025-11-26,52791.0,50,1055.82,3540600.0,3353,3540164.46,435.54000000003725,24695.0,TF
51,TF2606.CFX,2026-02-25,58380.2,50,1167.604,4410399.0,3777,4410040.308,358.6919999998063,24953.0,TF
52,TF2609.CFX,2026-05-28,81555.6,50,1631.112,4604644.0,2823,4604629.176,14.824000000022352,28165.0,TF
53,TF2612.CFX,2026-08-27,73397.65,50,1467.953,1412059.0,961,1410702.8329999999,1356.1670000001322,20943.0,TF
1,T1509.CFX,2015-04-21,3032.7,25,121.30799999999999,507168.0,4180,507067.43999999994,100.56000000005588,61497.0,T
2,T1512.CFX,2015-08-14,4665.7,25,186.628,1207285.0,6468,1207109.9039999999,175.09600000013597,790.0,T
3,T1603.CFX,2015-11-16,40643.8,25,1625.7520000000002,2270164.0,1396,2269549.7920000004,614.2079999996349,2068.0,T
4,T1606.CFX,2016-02-05,49188.7,25,1967.5479999999998,2104290.0,1069,2103308.812,981.188000000082,711.0,T
5,T1609.CFX,2016-05-06,27979.2,25,1119.1680000000001,1776286.0,1587,1776119.6160000002,166.3839999998454,1363.0,T
6,T1612.CFX,2016-08-10,26844.7,25,1073.788,2032156.0,1892,2031606.896,549.1040000000503,2272.0,T
7,T1703.CFX,2016-11-10,33250.5,25,1330.02,4284572.0,3221,4283994.42,577.5800000000745,5352.0,T
8,T1706.CFX,2017-01-19,96448.7,25,3857.948,5499958.0,1425,5497575.899999999,2382.100000000559,6879.0,T
9,T1709.CFX,2017-05-10,74030.5,25,2961.22,4527899.0,1529,4527705.38,193.62000000011176,8730.0,T
10,T1712.CFX,2017-08-09,57578.05,25,2303.1220000000003,3154178.0,1369,3152974.0180000006,1203.9819999993779,7107.0,T
11,T1803.CFX,2017-11-10,70599.15,25,2823.966,3849622.0,1363,3849065.658,556.3420000001788,8072.0,T
12,T1806.CFX,2018-02-08,61088.65,25,2443.5460000000003,3865665.0,1581,3863246.2260000003,2418.773999999743,4553.0,T
13,T1809.CFX,2018-05-18,69545.65,25,2781.8259999999996,4272852.0,1535,4270102.909999999,2749.0900000007823,3736.0,T
14,T1812.CFX,2018-08-15,75763.3,25,3030.532,3909061.0,1289,3906355.748,2705.251999999862,6921.0,T
15,T1903.CFX,2018-11-15,69634.95,25,2785.3979999999997,3619801.0,1299,3618232.0019999994,1568.9980000006035,4673.0,T
16,T1906.CFX,2019-02-21,37176.25,25,1487.05,2280681.0,1533,2279647.65,1033.3500000000931,5688.0,T
17,T1909.CFX,2019-05-21,32706.15,25,1308.246,1878687.0,1436,1878641.256,45.743999999947846,9165.0,T
18,T1912.CFX,2019-08-15,27780.8,25,1111.232,2018214.0,1816,2017997.312,216.68800000008196,12781.0,T
19,T2003.CFX,2019-11-19,32844.2,25,1313.7679999999998,2044188.0,1555,2042909.2399999998,1278.7600000002421,6834.0,T
20,T2006.CFX,2020-02-18,37401.65,25,1496.066,3467720.0,2317,3466384.9220000003,1335.0779999997467,8369.0,T
21,T2009.CFX,2020-05-18,54797.95,25,2191.9179999999997,4516854.0,2060,4515351.079999999,1502.9200000008568,18785.0,T
22,T2012.CFX,2020-08-21,56592.05,25,2263.6820000000002,3525738.0,1557,3524552.8740000003,1185.1259999996983,12260.0,T
23,T2103.CFX,2020-11-23,56010.05,25,2240.402,3145218.0,1403,3143284.006,1933.9939999999478,20994.0,T
24,T2106.CFX,2021-02-22,54312.5,25,2172.5,3155163.0,1452,3154470.0,693.0,14199.0,T
25,T2109.CFX,2021-05-21,52040.8,25,2081.632,3914488.0,1880,3913468.16,1019.839999999851,21439.0,T
26,T2112.CFX,2021-08-20,60167.05,25,2406.6820000000002,3610698.0,1500,3610023.0000000005,674.9999999995343,14081.0,T
27,T2203.CFX,2021-11-23,57383.4,25,2295.3360000000002,3433505.0,1495,3431527.3200000003,1977.679999999702,15791.0,T
28,T2206.CFX,2022-02-18,59258.05,25,2370.322,4092033.0,1726,4091175.7720000003,857.2279999996535,14759.0,T
29,T2209.CFX,2022-05-20,53055.4,25,2122.216,3986680.0,1878,3985521.6479999996,1158.352000000421,24535.0,T
30,T2212.CFX,2022-08-22,62652.9,25,2506.116,4229066.0,1687,4227817.692,1248.3080000001937,17843.0,T
31,T2303.CFX,2022-11-18,79373.15,25,3174.926,4477610.0,1410,4476645.66,964.339999999851,33764.0,T
32,T2306.CFX,2023-02-22,58520.05,25,2340.802,3556683.0,1519,3555678.2380000004,1004.7619999996386,14635.0,T
33,T2309.CFX,2023-05-22,59241.15,25,2369.646,4213912.0,1778,4213230.588,681.4119999995455,17840.0,T
34,T2312.CFX,2023-08-23,64129.35,25,2565.174,4366015.0,1702,4365926.148,88.8519999999553,16544.0,T
35,T2403.CFX,2023-11-23,64580.95,25,2583.238,3546483.0,1372,3544202.536,2280.4640000001527,29249.0,T
36,T2406.CFX,2024-02-22,59171.05,25,2366.842,4011985.0,1695,4011797.19,187.81000000005588,13991.0,T
37,T2409.CFX,2024-05-21,63952.15,25,2558.0860000000002,3266791.0,1277,3266675.822,115.17799999983981,12758.0,T
38,T2412.CFX,2024-08-21,57086.85,25,2283.474,3924094.0,1718,3923008.3320000004,1085.6679999995977,16534.0,T
39,T2503.CFX,2024-11-25,54055.1,25,2162.2039999999997,3865171.0,1787,3863858.5479999995,1312.452000000514,23083.0,T
40,T2506.CFX,2025-02-21,58979.15,25,2359.166,4427594.0,1876,4425795.416,1798.5839999997988,32211.0,T
41,T2509.CFX,2025-05-21,61792.5,25,2471.7,4378772.0,1771,4377380.699999999,1391.300000000745,13780.0,T
42,T2512.CFX,2025-08-25,73334.7,25,2933.388,4998348.0,1703,4995559.7639999995,2788.236000000499,31504.0,T
43,T2603.CFX,2025-11-26,67774.55,25,2710.982,4530085.0,1671,4530050.922,34.07799999974668,33330.0,T
44,T2606.CFX,2026-02-26,75454.85,25,3018.1940000000004,5278274.0,1748,5275803.112000001,2470.887999999337,38981.0,T
45,T2609.CFX,2026-05-28,97992.05,25,3919.6820000000002,5970260.0,1523,5969675.686000001,584.3139999993145,35546.0,T
46,T2612.CFX,2026-08-27,103186.75,25,4127.47,2012713.0,487,2010077.8900000001,2635.1099999998696,34893.0,T
1,T1509.CFX,2015-04-21,3032.7,50,60.653999999999996,507168.0,8361,507128.094,39.90600000001723,61497.0,T
2,T1512.CFX,2015-08-14,4665.7,50,93.314,1207285.0,12937,1207203.2179999999,81.78200000012293,790.0,T
3,T1603.CFX,2015-11-16,40643.8,50,812.8760000000001,2270164.0,2792,2269549.7920000004,614.2079999996349,2068.0,T
4,T1606.CFX,2016-02-05,49188.7,50,983.7739999999999,2104290.0,2138,2103308.812,981.188000000082,711.0,T
5,T1609.CFX,2016-05-06,27979.2,50,559.5840000000001,1776286.0,3174,1776119.6160000002,166.3839999998454,1363.0,T
6,T1612.CFX,2016-08-10,26844.7,50,536.894,2032156.0,3785,2032143.79,12.209999999962747,2272.0,T
7,T1703.CFX,2016-11-10,33250.5,50,665.01,4284572.0,6442,4283994.42,577.5800000000745,5352.0,T
8,T1706.CFX,2017-01-19,96448.7,50,1928.974,5499958.0,2851,5499504.874,453.1260000001639,6879.0,T
9,T1709.CFX,2017-05-10,74030.5,50,1480.61,4527899.0,3058,4527705.38,193.62000000011176,8730.0,T
10,T1712.CFX,2017-08-09,57578.05,50,1151.5610000000001,3154178.0,2739,3154125.5790000004,52.420999999623746,7107.0,T
11,T1803.CFX,2017-11-10,70599.15,50,1411.983,3849622.0,2726,3849065.658,556.3420000001788,8072.0,T
12,T1806.CFX,2018-02-08,61088.65,50,1221.7730000000001,3865665.0,3163,3864467.9990000003,1197.0009999996983,4553.0,T
13,T1809.CFX,2018-05-18,69545.65,50,1390.9129999999998,4272852.0,3071,4271493.822999999,1358.1770000010729,3736.0,T
14,T1812.CFX,2018-08-15,75763.3,50,1515.266,3909061.0,2579,3907871.014,1189.9860000000335,6921.0,T
15,T1903.CFX,2018-11-15,69634.95,50,1392.6989999999998,3619801.0,2599,3619624.7009999994,176.29900000058115,4673.0,T
16,T1906.CFX,2019-02-21,37176.25,50,743.525,2280681.0,3067,2280391.175,289.82500000018626,5688.0,T
17,T1909.CFX,2019-05-21,32706.15,50,654.123,1878687.0,2872,1878641.256,45.743999999947846,9165.0,T
18,T1912.CFX,2019-08-15,27780.8,50,555.616,2018214.0,3632,2017997.312,216.68800000008196,12781.0,T
19,T2003.CFX,2019-11-19,32844.2,50,656.8839999999999,2044188.0,3111,2043566.1239999996,621.8760000003967,6834.0,T
20,T2006.CFX,2020-02-18,37401.65,50,748.033,3467720.0,4635,3467132.955,587.0449999999255,8369.0,T
21,T2009.CFX,2020-05-18,54797.95,50,1095.9589999999998,4516854.0,4121,4516447.038999999,406.961000001058,18785.0,T
22,T2012.CFX,2020-08-21,56592.05,50,1131.8410000000001,3525738.0,3115,3525684.7150000003,53.28499999968335,12260.0,T
23,T2103.CFX,2020-11-23,56010.05,50,1120.201,3145218.0,2807,3144404.207,813.7930000000633,20994.0,T
24,T2106.CFX,2021-02-22,54312.5,50,1086.25,3155163.0,2904,3154470.0,693.0,14199.0,T
25,T2109.CFX,2021-05-21,52040.8,50,1040.816,3914488.0,3760,3913468.16,1019.839999999851,21439.0,T
26,T2112.CFX,2021-08-20,60167.05,50,1203.3410000000001,3610698.0,3000,3610023.0000000005,674.9999999995343,14081.0,T
27,T2203.CFX,2021-11-23,57383.4,50,1147.6680000000001,3433505.0,2991,3432674.9880000004,830.0119999996386,15791.0,T
28,T2206.CFX,2022-02-18,59258.05,50,1185.161,4092033.0,3452,4091175.7720000003,857.2279999996535,14759.0,T
29,T2209.CFX,2022-05-20,53055.4,50,1061.108,3986680.0,3757,3986582.7559999996,97.24400000041351,24535.0,T
30,T2212.CFX,2022-08-22,62652.9,50,1253.058,4229066.0,3374,4227817.692,1248.3080000001937,17843.0,T
31,T2303.CFX,2022-11-18,79373.15,50,1587.463,4477610.0,2820,4476645.66,964.339999999851,33764.0,T
32,T2306.CFX,2023-02-22,58520.05,50,1170.401,3556683.0,3038,3555678.2380000004,1004.7619999996386,14635.0,T
33,T2309.CFX,2023-05-22,59241.15,50,1184.823,4213912.0,3556,4213230.588,681.4119999995455,17840.0,T
34,T2312.CFX,2023-08-23,64129.35,50,1282.587,4366015.0,3404,4365926.148,88.8519999999553,16544.0,T
35,T2403.CFX,2023-11-23,64580.95,50,1291.619,3546483.0,2745,3545494.155,988.8450000002049,29249.0,T
36,T2406.CFX,2024-02-22,59171.05,50,1183.421,4011985.0,3390,4011797.19,187.81000000005588,13991.0,T
37,T2409.CFX,2024-05-21,63952.15,50,1279.0430000000001,3266791.0,2554,3266675.822,115.17799999983981,12758.0,T
38,T2412.CFX,2024-08-21,57086.85,50,1141.737,3924094.0,3436,3923008.3320000004,1085.6679999995977,16534.0,T
39,T2503.CFX,2024-11-25,54055.1,50,1081.1019999999999,3865171.0,3575,3864939.6499999994,231.3500000005588,23083.0,T
40,T2506.CFX,2025-02-21,58979.15,50,1179.583,4427594.0,3753,4426974.999000001,619.0009999992326,32211.0,T
41,T2509.CFX,2025-05-21,61792.5,50,1235.85,4378772.0,3543,4378616.55,155.45000000018626,13780.0,T
42,T2512.CFX,2025-08-25,73334.7,50,1466.694,4998348.0,3407,4997026.458,1321.542000000365,31504.0,T
43,T2603.CFX,2025-11-26,67774.55,50,1355.491,4530085.0,3342,4530050.922,34.07799999974668,33330.0,T
44,T2606.CFX,2026-02-26,75454.85,50,1509.0970000000002,5278274.0,3497,5277312.209000001,961.7909999992698,38981.0,T
45,T2609.CFX,2026-05-28,97992.05,50,1959.8410000000001,5970260.0,3046,5969675.686000001,584.3139999993145,35546.0,T
46,T2612.CFX,2026-08-27,103186.75,50,2063.735,2012713.0,975,2012141.6250000002,571.3749999997672,34893.0,T
1,TL2306.CFX,,,25,,0.0,0,0.0,0.0,76275.0,TL
2,TL2309.CFX,2023-05-25,4628.0,25,185.12,684031.0,3695,684018.4,12.599999999976717,17772.0,TL
3,TL2312.CFX,2023-08-22,12888.9,25,515.556,1413492.0,2741,1413138.996,353.00399999995716,5360.0,TL
4,TL2403.CFX,2023-11-24,23484.75,25,939.39,1234907.0,1314,1234358.46,548.5400000000373,6728.0,TL
5,TL2406.CFX,2024-02-21,23844.9,25,953.796,2294288.0,2405,2293879.38,408.62000000011176,6093.0,TL
6,TL2409.CFX,2024-05-17,38133.2,25,1525.328,2420962.0,1587,2420695.536,266.46400000015274,12666.0,TL
7,TL2412.CFX,2024-08-19,42578.35,25,1703.134,4088179.0,2400,4087521.6,657.3999999999069,11621.0,TL
8,TL2503.CFX,2024-11-25,52488.35,25,2099.534,4290667.0,2043,4289347.962,1319.0379999997094,21119.0,TL
9,TL2506.CFX,2025-02-20,66527.65,25,2661.1059999999998,6564571.0,2466,6562287.396,2283.604000000283,17482.0,TL
10,TL2509.CFX,2025-05-22,76616.45,25,3064.658,5881695.0,1919,5881078.702,616.2980000004172,20831.0,TL
11,TL2512.CFX,2025-08-22,118207.05,25,4728.282,7620872.0,1611,7617262.302,3609.6979999998584,36945.0,TL
12,TL2603.CFX,2025-11-26,91800.75,25,3672.03,6199489.0,1688,6198386.640000001,1102.359999999404,42420.0,TL
13,TL2606.CFX,2026-02-26,83542.75,25,3341.71,5044453.0,1509,5042640.39,1812.6100000003353,35400.0,TL
14,TL2609.CFX,2026-05-26,87495.65,25,3499.8259999999996,6186521.0,1767,6184192.541999999,2328.4580000005662,27542.0,TL
15,TL2612.CFX,2026-08-26,99160.85,25,3966.434,2466756.0,621,2463155.514,3600.4860000000335,42866.0,TL
1,TL2306.CFX,,,50,,0.0,0,0.0,0.0,76275.0,TL
2,TL2309.CFX,2023-05-25,4628.0,50,92.56,684031.0,7390,684018.4,12.599999999976717,17772.0,TL
3,TL2312.CFX,2023-08-22,12888.9,50,257.778,1413492.0,5483,1413396.7740000002,95.22599999979138,5360.0,TL
4,TL2403.CFX,2023-11-24,23484.75,50,469.695,1234907.0,2629,1234828.155,78.84499999997206,6728.0,TL
5,TL2406.CFX,2024-02-21,23844.9,50,476.898,2294288.0,4810,2293879.38,408.62000000011176,6093.0,TL
6,TL2409.CFX,2024-05-17,38133.2,50,762.664,2420962.0,3174,2420695.536,266.46400000015274,12666.0,TL
7,TL2412.CFX,2024-08-19,42578.35,50,851.567,4088179.0,4800,4087521.6,657.3999999999069,11621.0,TL
8,TL2503.CFX,2024-11-25,52488.35,50,1049.767,4290667.0,4087,4290397.729,269.2709999997169,21119.0,TL
9,TL2506.CFX,2025-02-20,66527.65,50,1330.5529999999999,6564571.0,4933,6563617.948999999,953.051000000909,17482.0,TL
10,TL2509.CFX,2025-05-22,76616.45,50,1532.329,5881695.0,3838,5881078.702,616.2980000004172,20831.0,TL
11,TL2512.CFX,2025-08-22,118207.05,50,2364.141,7620872.0,3223,7619626.443,1245.5570000000298,36945.0,TL
12,TL2603.CFX,2025-11-26,91800.75,50,1836.015,6199489.0,3376,6198386.640000001,1102.359999999404,42420.0,TL
13,TL2606.CFX,2026-02-26,83542.75,50,1670.855,5044453.0,3019,5044311.245,141.75499999988824,35400.0,TL
14,TL2609.CFX,2026-05-26,87495.65,50,1749.9129999999998,6186521.0,3535,6185942.454999999,578.5450000008568,27542.0,TL
15,TL2612.CFX,2026-08-26,99160.85,50,1983.217,2466756.0,1243,2465138.731,1617.2689999998547,42866.0,TL
