product,phase,start,end,cost_bp,strategy,days,cumulative_return,annualized_return,annualized_volatility,sharpe,max_drawdown,mean_exposure,executed_days
TS,training,2023-01-03,2023-12-29,0,strategy,242,-0.002903743334585873,-0.0030235511520767533,0.0034610249125889793,-0.8731874819289775,0.003891782278551692,0.49586776859504134,120
TS,training,2023-01-03,2023-12-29,0,benchmark,242,-0.002489662371457646,-0.0025924075171128713,0.005622923665769862,-0.45882753943582333,0.007966585899446876,1.0,242
TS,training,2023-01-03,2023-12-29,1,strategy,242,-0.026552077343269698,-0.027633971922444656,0.0038868935279347244,-7.207261779663953,0.026552077343269698,0.49586776859504134,120
TS,training,2023-01-03,2023-12-29,1,benchmark,242,-0.04962449975976235,-0.05162125523577665,0.005622923665769862,-9.422136130447877,0.04976225915363208,1.0,242
TS,training,2023-01-03,2023-12-29,3,strategy,242,-0.07219279899101361,-0.07506115860901585,0.006040314916048245,-12.912792018949151,0.07219279899101361,0.49586776859504134,120
TS,training,2023-01-03,2023-12-29,3,benchmark,242,-0.13734276897586328,-0.14259313636668403,0.005622923665769862,-27.348753312471988,0.13734276897586328,1.0,242
TS,validation,2024-01-02,2024-12-31,0,strategy,242,0.001452509981482164,0.001512576425911849,0.004794779180122048,0.3176232823281215,0.0031060197429247927,0.5619834710743802,136
TS,validation,2024-01-02,2024-12-31,0,benchmark,242,0.003171481530065634,0.003302750670326704,0.00635203573875531,0.5222743458653497,0.00240495248988426,1.0,242
TS,validation,2024-01-02,2024-12-31,1,strategy,242,-0.025422247467628778,-0.026458734276977425,0.005020393660343333,-5.33843265173094,0.02556814435247201,0.5619834710743802,136
TS,validation,2024-01-02,2024-12-31,1,benchmark,242,-0.04422977775112158,-0.0460147573281543,0.006352035738755311,-7.412189827958074,0.04437285909859723,1.0,242
TS,validation,2024-01-02,2024-12-31,3,strategy,242,-0.07704257188151253,-0.0800951778423522,0.006672396987939767,-12.50659507760852,0.07704257188151253,0.5619834710743802,136
TS,validation,2024-01-02,2024-12-31,3,benchmark,242,-0.13244400793294964,-0.13752240061695098,0.006352035738755311,-23.281118175604917,0.13244400793294964,1.0,242
TS,holdout,2025-01-02,2026-09-30,0,strategy,424,-0.0036167503025410497,-0.0021511575887566137,0.003818034630873541,-0.562115637543232,0.009675990862773709,0.5448113207547169,231
TS,holdout,2025-01-02,2026-09-30,0,benchmark,424,-0.0075852643484994875,-0.004515183908975429,0.005359455941294072,-0.8416909158271624,0.014739525442206358,1.0,424
TS,holdout,2025-01-02,2026-09-30,1,strategy,424,-0.04860757259247461,-0.029180912471353238,0.004179463295424598,-7.083365840093057,0.04951484493937175,0.5448113207547169,231
TS,holdout,2025-01-02,2026-09-30,1,benchmark,424,-0.08828167236955375,-0.05344988019515995,0.005359455941294072,-10.245630523143095,0.08899584329905541,1.0,424
TS,holdout,2025-01-02,2026-09-30,3,strategy,424,-0.13261044194167793,-0.0810788555459987,0.006184457639445319,-13.666784315849812,0.13261044194167793,0.5448113207547169,231
TS,holdout,2025-01-02,2026-09-30,3,benchmark,424,-0.23056216494837212,-0.14424701363893544,0.005359455941294072,-29.053509737774952,0.23056216494837212,1.0,424
TF,history,2013-09-09,2022-12-30,0,strategy,2267,0.08776223241749492,0.00939493521401924,0.019316380593136943,0.49377446003024966,0.03361473480979915,0.5125716806352008,1162
TF,history,2013-09-09,2022-12-30,0,benchmark,2267,0.02017646458136224,0.0022229591515563474,0.02609756124650886,0.09813824289871542,0.0512729488203818,1.0,2267
TF,history,2013-09-09,2022-12-30,1,strategy,2267,-0.13781392176505602,-0.016348179930905427,0.019333425515807457,-0.8428758418199305,0.1407068807037517,0.5125716806352008,1162
TF,history,2013-09-09,2022-12-30,1,benchmark,2267,-0.3517418917412487,-0.047041737924013116,0.02609756124650886,-1.8330766903258269,0.3525647346043681,1.0,2267
TF,history,2013-09-09,2022-12-30,3,strategy,2267,-0.4584052019030772,-0.0658960193993251,0.01975371735638931,-3.440512055972334,0.4593979352469205,0.5125716806352008,1162
TF,history,2013-09-09,2022-12-30,3,benchmark,2267,-0.7383172680197148,-0.1384513538032165,0.02609756124650886,-5.695506556774911,0.7383172680197148,1.0,2267
TF,training,2023-01-03,2023-12-29,0,strategy,242,0.005112082432609633,0.005323886849944559,0.008196877689881163,0.65188366473999,0.005030804031674552,0.5495867768595041,133
TF,training,2023-01-03,2023-12-29,0,benchmark,242,0.009454921778313974,0.009847538579278448,0.012129962462021877,0.8139454415429003,0.007904460664068025,1.0,242
TF,training,2023-01-03,2023-12-29,1,strategy,242,-0.021273054208244435,-0.022142302723900498,0.008289832419416297,-2.696768976107713,0.02213998937199768,0.5495867768595041,133
TF,training,2023-01-03,2023-12-29,1,benchmark,242,-0.03824204747311555,-0.03979044089431827,0.012129962462021877,-3.341055050651459,0.03923012489543454,1.0,242
TF,training,2023-01-03,2023-12-29,3,strategy,242,-0.07199842371345921,-0.0748593761735794,0.009314378441241455,-8.34775079021682,0.0720785674740555,0.5495867768595041,133
TF,training,2023-01-03,2023-12-29,3,benchmark,242,-0.12700675994657973,-0.13189288864217674,0.012129962462021875,-11.65105603504018,0.1270821530957088,1.0,242
TF,validation,2024-01-02,2024-12-31,0,strategy,242,0.006874176894853035,0.007159248238327143,0.011021992052329803,0.6527487070056457,0.008444048960467576,0.5619834710743802,136
TF,validation,2024-01-02,2024-12-31,0,benchmark,242,0.014697251586670346,0.015309201782434778,0.014633635467939953,1.0455875089502025,0.005430299261542593,1.0,242
TF,validation,2024-01-02,2024-12-31,1,strategy,242,-0.020145026198655547,-0.020968677297909855,0.011077230791913134,-1.9074601114918859,0.020777082625642818,0.5619834710743802,136
TF,validation,2024-01-02,2024-12-31,1,benchmark,242,-0.03324642347525386,-0.03459620480118086,0.014633635467939953,-2.3985327242221115,0.03387002883287615,1.0,242
TF,validation,2024-01-02,2024-12-31,3,strategy,242,-0.07204288038510198,-0.07490552713234844,0.011833602463796366,-6.572580919767486,0.07227060766571924,0.5619834710743802,136
TF,validation,2024-01-02,2024-12-31,3,benchmark,242,-0.12247039502435042,-0.12719500626913738,0.014633635467939953,-9.28677319056674,0.12268574703402646,1.0,242
TF,holdout,2025-01-02,2026-09-30,0,strategy,424,-0.002042698303781121,-0.0012145600300451642,0.008118793986309578,-0.14563020897088813,0.017608453189827844,0.5377358490566038,228
TF,holdout,2025-01-02,2026-09-30,0,benchmark,424,0.000563861113159092,0.000335086683745045,0.01227202691882745,0.03343476489233593,0.02417213457999534,1.0,424
TF,holdout,2025-01-02,2026-09-30,1,strategy,424,-0.04653233669526746,-0.027922888889243214,0.008284870765188607,-3.413961334933002,0.04921583028624965,0.5377358490566038,228
TF,holdout,2025-01-02,2026-09-30,1,benchmark,424,-0.08079369339628562,-0.048837119428343345,0.01227202691882745,-4.073466265668275,0.08427495472126167,1.0,424
TF,holdout,2025-01-02,2026-09-30,3,strategy,424,-0.1296737214256104,-0.07923101927753518,0.009440418212550228,-8.737748708263327,0.13127746880053048,0.5377358490566038,228
TF,holdout,2025-01-02,2026-09-30,3,benchmark,424,-0.2242402335024819,-0.140075076387151,0.01227202691882745,-12.28726832678949,0.22566972347620406,1.0,424
TF,all,2013-09-09,2026-09-30,0,strategy,3175,0.0985899768053593,0.007490888907125237,0.01701915755189178,0.44702533913622144,0.03361473480979915,0.5225196850393701,1659
TF,all,2013-09-09,2026-09-30,0,benchmark,3175,0.04554691954669132,0.003541408574898597,0.02310874784238742,0.1645382921494812,0.0512729488203818,1.0,3175
TF,all,2013-09-09,2026-09-30,1,strategy,3175,-0.21162957940413207,-0.018696207089206163,0.017050323890335443,-1.0983367571188476,0.21338871571960094,0.5225196850393701,1659
TF,all,2013-09-09,2026-09-30,1,benchmark,3175,-0.44595820661969554,-0.04578783245089746,0.02310874784238742,-2.016453959951404,0.44634668462973826,1.0,3175
TF,all,2013-09-09,2026-09-30,3,strategy,3175,-0.5940867731160655,-0.06906081169686784,0.01754783505579995,-4.068705995609827,0.5948308046253241,0.5225196850393701,1659
TF,all,2013-09-09,2026-09-30,3,benchmark,3175,-0.8444840366614055,-0.1373172459367602,0.02310874784238742,-6.378438464153174,0.8444840366614055,1.0,3175
T,history,2015-03-23,2022-12-30,0,strategy,1897,0.06039117682777029,0.007819950523782593,0.025036078207408274,0.323646242672821,0.05772833701060143,0.5208223510806537,988
T,history,2015-03-23,2022-12-30,0,benchmark,1897,0.06622223524872228,0.00855440399592955,0.03398502491591777,0.26763282454445014,0.06094893542240065,1.0,1897
T,history,2015-03-23,2022-12-30,1,strategy,1897,-0.12974641209937487,-0.018291681769588286,0.025055294113232686,-0.7242626556034091,0.15306475451107826,0.5208223510806537,988
T,history,2015-03-23,2022-12-30,1,benchmark,1897,-0.27043309945120475,-0.041020355252205154,0.03398502491591777,-1.2153732972605058,0.2751193359684503,1.0,1897
T,history,2015-03-23,2022-12-30,3,strategy,1897,-0.4139242598018511,-0.06851757058791386,0.025392649388254727,-2.782124297474097,0.41406953699058124,0.5208223510806537,988
T,history,2015-03-23,2022-12-30,3,benchmark,1897,-0.6584919170674024,-0.13300545034693756,0.03398502491591777,-4.181385540870416,0.6585829932150167,1.0,1897
T,training,2023-01-03,2023-12-29,0,strategy,242,0.018854189456968706,0.019640890670381328,0.012028309673216758,1.6231348339401297,0.008615626051677983,0.5495867768595041,133
T,training,2023-01-03,2023-12-29,0,benchmark,242,0.028173796052474165,0.029354928578921635,0.01681696264429632,1.7289321917430698,0.008999306342120095,1.0,242
T,training,2023-01-03,2023-12-29,1,strategy,242,-0.007889002890167363,-0.008213652345693045,0.01198574065504945,-0.6821109654377175,0.011966145191421695,0.5495867768595041,133
T,training,2023-01-03,2023-12-29,1,benchmark,242,-0.02040405673123491,-0.021238183364853613,0.01681696264429632,-1.2680418199161523,0.02619957159114994,1.0,242
T,training,2023-01-03,2023-12-29,3,strategy,242,-0.05930294023997207,-0.06167633338035883,0.01251338318789553,-5.080476740985313,0.060282555041843766,0.5495867768595041,133
T,training,2023-01-03,2023-12-29,3,benchmark,242,-0.11080859627520034,-0.11511339414140243,0.01681696264429632,-7.261989843234595,0.11173457457155866,1.0,242
T,validation,2024-01-02,2024-12-31,0,strategy,242,0.009761782037715605,0.010167205304081106,0.015892726829856603,0.644468252218145,0.009060480219803324,0.5454545454545454,132
T,validation,2024-01-02,2024-12-31,0,benchmark,242,0.025990894527663455,0.027079313136937344,0.020794170890400927,1.295404543189014,0.010382225810956824,1.0,242
T,validation,2024-01-02,2024-12-31,1,strategy,242,-0.0165478328926435,-0.01722570478304397,0.015912752519735278,-1.0839451682855645,0.019424835804423557,0.5454545454545454,132
T,validation,2024-01-02,2024-12-31,1,benchmark,242,-0.022484252920838332,-0.02340239856994697,0.020794170890400927,-1.1283516270204859,0.025883164107596834,1.0,242
T,validation,2024-01-02,2024-12-31,3,strategy,242,-0.06714319378975198,-0.0698185597796952,0.01641598572759036,-4.400001960790665,0.0679550622166405,0.5454545454545454,132
T,validation,2024-01-02,2024-12-31,3,benchmark,242,-0.11269759663578816,-0.1170708433678046,0.020794170890400927,-5.975863967439483,0.11346981891213115,1.0,242
T,holdout,2025-01-02,2026-09-30,0,strategy,424,0.006744745274361863,0.004003202610334489,0.011780842173691894,0.345021111692424,0.018795938421722225,0.5707547169811321,242
T,holdout,2025-01-02,2026-09-30,0,benchmark,424,0.011340791864200561,0.006724859419047213,0.016885316168664302,0.4053811366302158,0.026661718516729827,1.0,424
T,holdout,2025-01-02,2026-09-30,1,strategy,424,-0.04082469219377283,-0.02446858778776284,0.011855795571402483,-2.083487212953592,0.04685935411725972,0.5707547169811321,242
T,holdout,2025-01-02,2026-09-30,1,benchmark,424,-0.07089108318743664,-0.04276023431604292,0.016885316168664302,-2.5794608110457253,0.07581990614003953,1.0,424
T,holdout,2025-01-02,2026-09-30,3,strategy,424,-0.12935199450551482,-0.079028736871527,0.012606363649399153,-6.523171648156163,0.13113023431113313,0.5707547169811321,242
T,holdout,2025-01-02,2026-09-30,3,benchmark,424,-0.2158796457052029,-0.1345789189463531,0.016885316168664302,-8.549144706397604,0.21748115862156303,1.0,424
T,all,2015-03-23,2026-09-30,0,strategy,2805,0.09828851413604611,0.0084583069094335,0.021890881438103627,0.39570492852647554,0.05772833701060143,0.5329768270944741,1495
T,all,2015-03-23,2026-09-30,0,benchmark,2805,0.1375101945778554,0.011642345895370276,0.029767798605440488,0.40373597666272826,0.06094893542240065,1.0,2805
T,all,2015-03-23,2026-09-30,1,strategy,2805,-0.18556333308081452,-0.018271362916790546,0.021911219157143388,-0.8306111257520684,0.20734225039378762,0.5329768270944741,1495
T,all,2015-03-23,2026-09-30,1,benchmark,2805,-0.35091362825450567,-0.03808358481980989,0.029767798605440488,-1.2893687324906287,0.35143483823660127,1.0,2805
T,all,2015-03-23,2026-09-30,3,strategy,2805,-0.5522236774162211,-0.06963903436521424,0.02229209331420514,-3.22642497355806,0.5522236774162211,0.5329768270944741,1495
T,all,2015-03-23,2026-09-30,3,benchmark,2805,-0.7887237752259313,-0.13034926318194706,0.029767798605440488,-4.67557815079734,0.7887277496544032,1.0,2805
TL,training,2023-04-24,2023-12-29,0,strategy,169,0.026678403848945154,0.040040259864449146,0.021687303293317008,1.8212292591334054,0.011099837669043988,0.42011834319526625,71
TL,training,2023-04-24,2023-12-29,0,benchmark,169,0.03286053110110898,0.049392346941827814,0.03284888742095,1.4842335233131616,0.02609866417176343,1.0,169
TL,training,2023-04-24,2023-12-29,1,strategy,169,0.012206453253858829,0.0182557836029984,0.02153214435818741,0.850987551803236,0.014064599750460594,0.42011834319526625,71
TL,training,2023-04-24,2023-12-29,1,benchmark,169,-0.0014637458339290532,-0.002181842204458273,0.03284888742095,-0.05006501636451604,0.0324183238228376,1.0,169
TL,training,2023-04-24,2023-12-29,3,strategy,169,-0.016136719035011238,-0.023966243943500554,0.021562827876909628,-1.1141554493119767,0.021575913383267586,0.42011834319526625,71
TL,training,2023-04-24,2023-12-29,3,benchmark,169,-0.06674711779047204,-0.09787797141185728,0.03284888742095,-3.1186620957198703,0.07196512408863431,1.0,169
TL,validation,2024-01-02,2024-12-31,0,strategy,242,0.03541498946548227,0.03690510306092576,0.044331663827281376,0.8397357873482788,0.028540189698029184,0.5330578512396694,129
TL,validation,2024-01-02,2024-12-31,0,benchmark,242,0.06603307621421317,0.06885361071400897,0.0609554087620237,1.1230561652049553,0.03705239939555738,1.0,242
TL,validation,2024-01-02,2024-12-31,1,strategy,242,0.0090471746230385,0.009422780771155104,0.04428151173406406,0.23397505008872282,0.03261785344274437,0.5330578512396694,129
TL,validation,2024-01-02,2024-12-31,1,benchmark,242,0.015673505484236294,0.01632643005906287,0.0609554087620237,0.29622223818189364,0.03840704845088727,1.0,242
TL,validation,2024-01-02,2024-12-31,3,strategy,242,-0.0417059463248548,-0.043391400583565165,0.04435107569299683,-0.9779123009146122,0.058480905030357966,0.5330578512396694,129
TL,validation,2024-01-02,2024-12-31,3,benchmark,242,-0.07804781263175131,-0.0811384718427619,0.0609554087620237,-1.35744561586423,0.10154526546640419,1.0,242
TL,holdout,2025-01-02,2026-09-30,0,strategy,424,0.025234567916648132,0.014922033419301872,0.03549918225631222,0.434997253276009,0.05871700920549228,0.535377358490566,227
TL,holdout,2025-01-02,2026-09-30,0,benchmark,424,-0.016860393609304136,-0.010055342578049964,0.051259660431661205,-0.17151447789663726,0.10472908679176973,1.0,424
TL,holdout,2025-01-02,2026-09-30,1,strategy,424,-0.020270077152948374,-0.012097317361115967,0.035494076059846426,-0.32515206406345376,0.07546643637824613,0.535377358490566,227
TL,holdout,2025-01-02,2026-09-30,1,benchmark,424,-0.0968047032792606,-0.05871899902279665,0.051259660431661205,-1.1547437770292899,0.14786823636244684,1.0,424
TL,holdout,2025-01-02,2026-09-30,3,strategy,424,-0.10533427139590501,-0.06401239196256059,0.035695219989454054,-1.8351759660841707,0.1209825506226907,0.535377358490566,227
TL,holdout,2025-01-02,2026-09-30,3,benchmark,424,-0.23775864643111622,-0.14901304071118104,0.051259660431661205,-3.121202375294594,0.25391754923903986,1.0,424
TL,all,2023-04-24,2026-09-30,0,strategy,835,0.08986351858127084,0.026310495453174987,0.03612751716124552,0.7369577895873126,0.058717009205493276,0.511377245508982,427
TL,all,2023-04-24,2026-09-30,0,benchmark,835,0.08249912545203841,0.02421259498589423,0.05132636839701417,0.49182479831977965,0.10472908679176929,1.0,835
TL,all,2023-04-24,2026-09-30,1,strategy,835,0.000660933457260926,0.00019942133629169412,0.0360903375657642,0.02358088270096457,0.07546643637824635,0.511377245508982,427
TL,all,2023-04-24,2026-09-30,1,benchmark,835,-0.08399123632767869,-0.02612897477120224,0.05132636839701417,-0.49012661523341333,0.14786823636244628,1.0,835
TL,all,2023-04-24,2026-09-30,3,strategy,835,-0.15648201426973485,-0.05006139067581705,0.03622505453032896,-1.3994674400858245,0.1586111816495528,0.511377245508982,427
TL,all,2023-04-24,2026-09-30,3,benchmark,835,-0.34415645935694106,-0.11953727950112125,0.05132636839701417,-2.4540294423397997,0.3474400699976209,1.0,835
